{"cameraMode":{"drawMode":0,"name":"Shaded","section":"Shading Mode"},"sceneLighting":false,"audioPlay":false,"sceneViewState":{"m_AlwaysRefresh":false,"showFog":true,"showSkybox":false,"showFlares":true,"showImageEffects":true,"showParticleSystems":true,"showVisualEffectGraphs":true,"m_FxEnabled":true},"in2DMode":false,"pivot":{"x":0.6070781946182251,"y":-0.5736017227172852,"z":0.9362369775772095},"rotation":{"x":0.09136466681957245,"y":-0.015537125989794732,"z":0.0014105146983638406,"w":0.9957154989242554},"size":11.296585083007813,"orthographic":true}