{"cameraMode":{"drawMode":0,"name":"Shaded","section":"Shading Mode"},"sceneLighting":false,"audioPlay":false,"sceneViewState":{"m_AlwaysRefresh":false,"showFog":true,"showSkybox":false,"showFlares":true,"showImageEffects":true,"showParticleSystems":true,"showVisualEffectGraphs":true,"m_FxEnabled":true},"in2DMode":false,"pivot":{"x":-0.01163986325263977,"y":1.4196107387542725,"z":0.6074061393737793},"rotation":{"x":0.2373967319726944,"y":-0.04951677843928337,"z":0.012118826620280743,"w":0.9700892567634583},"size":2.702775478363037,"orthographic":false}