{"cameraMode":{"drawMode":0,"name":"Shaded","section":"Shading Mode"},"sceneLighting":false,"audioPlay":false,"sceneViewState":{"m_AlwaysRefresh":false,"showFog":false,"showSkybox":false,"showFlares":false,"showImageEffects":false,"showParticleSystems":false,"showVisualEffectGraphs":true,"m_FxEnabled":true},"in2DMode":false,"pivot":{"x":-0.10410892963409424,"y":0.985268771648407,"z":0.23712730407714845},"rotation":{"x":-0.011282306164503098,"y":0.9886846542358398,"z":-0.10119662433862686,"w":-0.1101967915892601},"size":1.5518572330474854,"orthographic":false}